Date,First Team,First Innings Score,Second Team,Second Innings Score,Match_Number,Stadium,Winning_team,won_by
" Sun, May 12 - 7:00 PM ", RCB ," 187/9, (20 ov) ", DC ," 140/10, (19.1 ov) ", 62nd T20,M.Chinnaswamy Stadium • Bengaluru , Royal Challengers Bengaluru , 47 runs. 
" Sun, May 12 - 3:00 PM ", RR ," 141/5, (20 ov) ", CSK ," 145/5, (18.2 ov) ", 61st T20,MA Chidambaram Stadium • Chennai , Chennai Super Kings , 5 wickets 
" Sat, May 11 - 7:00 PM ", KKR ," 157/7, (16 ov) ", MI ," 139/8, (16 ov) ", 60th T20,Eden Gardens • Kolkata , Kolkata Knight Riders , 18 runs. 
" Fri, May 10 - 7:00 PM ", GT ," 231/3, (20 ov) ", CSK ," 196/8, (20 ov) ", 59th T20,Narendra Modi Stadium • Ahmedabad , Gujarat Titans , 35 runs. 
" Thu, May 9 - 7:00 PM ", RCB ," 241/7, (20 ov) ", PBKS ," 181/10, (17 ov) ", 58th T20,Himachal Pradesh Cricket Association Stadium • Dharamsala , Royal Challengers Bengaluru , 60 runs. 
" Wed, May 8 - 7:00 PM ", LSG ," 165/4, (20 ov) ", SRH ," 167/0, (9.4 ov) ", 57th T20,Rajiv Gandhi International Stadium • Hyderabad , Sunrisers Hyderabad , 10 wickets 
" Tue, May 7 - 7:00 PM ", DC ," 221/8, (20 ov) ", RR ," 201/8, (20 ov) ", 56th T20,Arun Jaitley Stadium • Delhi , Delhi Capitals , 20 runs. 
" Mon, May 6 - 7:00 PM ", SRH ," 173/8, (20 ov) ", MI ," 174/3, (17.2 ov) ", 55th T20,Wankhede Stadium • Mumbai , Mumbai Indians , 7 wickets 
" Sun, May 5 - 7:00 PM ", KKR ," 235/6, (20 ov) ", LSG ," 137/10, (16.1 ov) ", 54th T20,Bharat Ratna Shri Atal Bihari Vajpayee Ekana Cricket Stadium • Lucknow , Kolkata Knight Riders , 98 runs. 
" Sun, May 5 - 3:00 PM ", CSK ," 167/9, (20 ov) ", PBKS ," 139/9, (20 ov) ", 53rd T20,Himachal Pradesh Cricket Association Stadium • Dharamsala , Chennai Super Kings , 28 runs. 
" Sat, May 4 - 7:00 PM ", GT ," 147/10, (19.3 ov) ", RCB ," 152/6, (13.4 ov) ", 52nd T20,M.Chinnaswamy Stadium • Bengaluru , Royal Challengers Bengaluru , 4 wickets 
" Fri, May 3 - 7:00 PM ", KKR ," 169/10, (19.5 ov) ", MI ," 145/10, (18.5 ov) ", 51st T20,Wankhede Stadium • Mumbai , Kolkata Knight Riders , 24 runs. 
" Thu, May 2 - 7:00 PM ", SRH ," 201/3, (20 ov) ", RR ," 200/7, (20 ov) ", 50th T20,Rajiv Gandhi International Stadium • Hyderabad , Sunrisers Hyderabad , 1 run. 
" Wed, May 1 - 7:00 PM ", CSK ," 162/7, (20 ov) ", PBKS ," 163/3, (17.5 ov) ", 49th T20,MA Chidambaram Stadium • Chennai , Punjab Kings , 7 wickets 
" Tue, Apr 30 - 7:00 PM ", MI ," 144/7, (20 ov) ", LSG ," 145/6, (19.2 ov) ", 48th T20,Bharat Ratna Shri Atal Bihari Vajpayee Ekana Cricket Stadium • Lucknow , Lucknow Super Giants , 4 wickets 
" Mon, Apr 29 - 7:00 PM ", DC ," 153/9, (20 ov) ", KKR ," 157/3, (16.3 ov) ", 47th T20,Eden Gardens • Kolkata , Kolkata Knight Riders , 7 wickets 
" Sun, Apr 28 - 7:00 PM ", CSK ," 212/3, (20 ov) ", SRH ," 134/10, (18.5 ov) ", 46th T20,MA Chidambaram Stadium • Chennai , Chennai Super Kings , 78 runs. 
" Sun, Apr 28 - 3:00 PM ", GT ," 200/3, (20 ov) ", RCB ," 206/1, (16 ov) ", 45th T20,Narendra Modi Stadium • Ahmedabad , Royal Challengers Bengaluru , 9 wickets 
" Sat, Apr 27 - 7:00 PM ", LSG ," 196/5, (20 ov) ", RR ," 199/3, (19 ov) ", 44th T20,Bharat Ratna Shri Atal Bihari Vajpayee Ekana Cricket Stadium • Lucknow , Rajasthan Royals , 7 wickets 
" Sat, Apr 27 - 3:00 PM ", DC ," 257/4, (20 ov) ", MI ," 247/9, (20 ov) ", 43rd T20,Arun Jaitley Stadium • Delhi , Delhi Capitals , 10 runs. 
" Fri, Apr 26 - 7:00 PM ", KKR ," 261/6, (20 ov) ", PBKS ," 262/2, (18.4 ov) ", 42nd T20,Eden Gardens • Kolkata , Punjab Kings , 8 wickets 
" Thu, Apr 25 - 7:00 PM ", RCB ," 206/7, (20 ov) ", SRH ," 171/8, (20 ov) ", 41st T20,Rajiv Gandhi International Stadium • Hyderabad , Royal Challengers Bengaluru , 35 runs. 
" Wed, Apr 24 - 7:00 PM ", DC ," 224/4, (20 ov) ", GT ," 220/8, (20 ov) ", 40th T20,Arun Jaitley Stadium • Delhi , Delhi Capitals , 4 runs. 
" Tue, Apr 23 - 7:00 PM ", CSK ," 210/4, (20 ov) ", LSG ," 213/4, (19.3 ov) ", 39th T20,MA Chidambaram Stadium • Chennai , Lucknow Super Giants , 6 wickets 
" Mon, Apr 22 - 7:00 PM ", MI ," 179/9, (20 ov) ", RR ," 183/1, (18.4 ov) ", 38th T20,Sawai Mansingh Stadium • Jaipur , Rajasthan Royals , 9 wickets 
" Sun, Apr 21 - 7:00 PM ", PBKS ," 142/10, (20 ov) ", GT ," 146/7, (19.1 ov) ", 37th T20,Maharaja Yadavindra Singh International Cricket Stadium • Chandigarh , Gujarat Titans , 3 wickets 
" Sun, Apr 21 - 3:00 PM ", KKR ," 222/6, (20 ov) ", RCB ," 221/10, (20 ov) ", 36th T20,Eden Gardens • Kolkata , Kolkata Knight Riders , 1 runs. 
" Sat, Apr 20 - 7:00 PM ", SRH ," 266/7, (20 ov) ", DC ," 199/10, (19.1 ov) ", 35th T20,Arun Jaitley Stadium • Delhi , Sunrisers Hyderabad , 67 runs. 
" Fri, Apr 19 - 7:00 PM ", CSK ," 176/6, (20 ov) ", LSG ," 180/2, (19 ov) ", 34th T20,Bharat Ratna Shri Atal Bihari Vajpayee Ekana Cricket Stadium • Lucknow , Lucknow Super Giants , 8 wickets 
" Thu, Apr 18 - 7:00 PM ", MI ," 192/7, (20 ov) ", PBKS ," 183/10, (19.1 ov) ", 33rd T20,Maharaja Yadavindra Singh International Cricket Stadium • Chandigarh , Mumbai Indians , 9 runs. 
" Wed, Apr 17 - 7:00 PM ", GT ," 89/10, (17.3 ov) ", DC ," 92/4, (8.5 ov) ", 32nd T20,Narendra Modi Stadium • Ahmedabad , Delhi Capitals , 6 wickets 
" Tue, Apr 16 - 7:00 PM ", KKR ," 223/6, (20 ov) ", RR ," 224/8, (20 ov) ", 31st T20,Eden Gardens • Kolkata , Rajasthan Royals , 2 wickets 
" Mon, Apr 15 - 7:00 PM ", SRH ," 287/3, (20 ov) ", RCB ," 262/7, (20 ov) ", 30th T20,M.Chinnaswamy Stadium • Bengaluru , Sunrisers Hyderabad , 25 runs. 
" Sun, Apr 14 - 7:00 PM ", CSK ," 206/4, (20 ov) ", MI ," 186/6, (20 ov) ", 29th T20,Wankhede Stadium • Mumbai , Chennai Super Kings , 20 runs. 
" Sun, Apr 14 - 3:00 PM ", LSG ," 161/7, (20 ov) ", KKR ," 162/2, (15.4 ov) ", 28th T20,Eden Gardens • Kolkata , Kolkata Knight Riders , 8 wickets 
" Sat, Apr 13 - 7:00 PM ", PBKS ," 147/8, (20 ov) ", RR ," 152/7, (19.5 ov) ", 27th T20,Maharaja Yadavindra Singh International Cricket Stadium • Chandigarh , Rajasthan Royals , 3 wickets 
" Fri, Apr 12 - 7:00 PM ", LSG ," 167/7, (20 ov) ", DC ," 170/4, (18.1 ov) ", 26th T20,Bharat Ratna Shri Atal Bihari Vajpayee Ekana Cricket Stadium • Lucknow , Delhi Capitals , 6 wickets 
" Thu, Apr 11 - 7:00 PM ", RCB ," 196/8, (20 ov) ", MI ," 199/3, (15.3 ov) ", 25th T20,Wankhede Stadium • Mumbai , Mumbai Indians , 7 wickets 
" Wed, Apr 10 - 7:00 PM ", RR ," 196/3, (20 ov) ", GT ," 199/7, (20 ov) ", 24th T20,Sawai Mansingh Stadium • Jaipur , Gujarat Titans , 3 wickets 
" Tue, Apr 9 - 7:00 PM ", SRH ," 182/9, (20 ov) ", PBKS ," 180/6, (20 ov) ", 23rd T20,Maharaja Yadavindra Singh International Cricket Stadium • Chandigarh , Sunrisers Hyderabad , 2 runs. 
" Mon, Apr 8 - 7:00 PM ", KKR ," 137/9, (20 ov) ", CSK ," 141/3, (17.4 ov) ", 22nd T20,MA Chidambaram Stadium • Chennai , Chennai Super Kings , 7 wickets 
" Sun, Apr 7 - 7:00 PM ", LSG ," 163/5, (20 ov) ", GT ," 130/10, (18.5 ov) ", 21st T20,Bharat Ratna Shri Atal Bihari Vajpayee Ekana Cricket Stadium • Lucknow , Lucknow Super Giants , 33 runs. 
" Sun, Apr 7 - 3:00 PM ", MI ," 234/5, (20 ov) ", DC ," 205/8, (20 ov) ", 20th T20,Wankhede Stadium • Mumbai , Mumbai Indians , 29 runs. 
" Sat, Apr 6 - 7:00 PM ", RCB ," 183/3, (20 ov) ", RR ," 189/4, (19.1 ov) ", 19th T20,Sawai Mansingh Stadium • Jaipur , Rajasthan Royals , 6 wickets 
" Fri, Apr 5 - 7:00 PM ", CSK ," 165/5, (20 ov) ", SRH ," 166/4, (18.1 ov) ", 18th T20,Rajiv Gandhi International Stadium • Hyderabad , Sunrisers Hyderabad , 6 wickets 
" Thu, Apr 4 - 7:00 PM ", GT ," 199/4, (20 ov) ", PBKS ," 200/7, (19.5 ov) ", 17th T20,Narendra Modi Stadium • Ahmedabad , Punjab Kings , 3 wickets 
" Wed, Apr 3 - 7:00 PM ", KKR ," 272/7, (20 ov) ", DC ," 166/10, (17.2 ov) ", 16th T20,Dr. Y.S. Rajasekhara Reddy ACA-VDCA Cricket Stadium • Visakhapatnam , Kolkata Knight Riders , 106 runs. 
" Tue, Apr 2 - 7:00 PM ", LSG ," 181/5, (20 ov) ", RCB ," 153/10, (19.4 ov) ", 15th T20,M.Chinnaswamy Stadium • Bengaluru , Lucknow Super Giants , 28 runs. 
" Mon, Apr 1 - 7:00 PM ", MI ," 125/9, (20 ov) ", RR ," 127/4, (15.3 ov) ", 14th T20,Wankhede Stadium • Mumbai , Rajasthan Royals , 6 wickets 
" Sun, Mar 31 - 7:00 PM ", DC ," 191/5, (20 ov) ", CSK ," 171/6, (20 ov) ", 13th T20,Dr. Y.S. Rajasekhara Reddy ACA-VDCA Cricket Stadium • Visakhapatnam , Delhi Capitals , 20 runs. 
" Sun, Mar 31 - 3:00 PM ", SRH ," 162/8, (20 ov) ", GT ," 168/3, (19.1 ov) ", 12th T20,Narendra Modi Stadium • Ahmedabad , Gujarat Titans , 7 wickets 
" Sat, Mar 30 - 7:00 PM ", LSG ," 199/8, (20 ov) ", PBKS ," 178/5, (20 ov) ", 11th T20,Bharat Ratna Shri Atal Bihari Vajpayee Ekana Cricket Stadium • Lucknow , Lucknow Super Giants , 21 runs. 
" Fri, Mar 29 - 7:00 PM ", RCB ," 182/6, (20 ov) ", KKR ," 186/3, (16.5 ov) ", 10th T20,M.Chinnaswamy Stadium • Bengaluru , Kolkata Knight Riders , 7 wickets 
" Thu, Mar 28 - 7:00 PM ", RR ," 185/5, (20 ov) ", DC ," 173/5, (20 ov) ", 9th T20,Sawai Mansingh Stadium • Jaipur , Rajasthan Royals , 12 runs. 
" Wed, Mar 27 - 7:00 PM ", SRH ," 277/3, (20 ov) ", MI ," 246/5, (20 ov) ", 8th T20,Rajiv Gandhi International Stadium • Hyderabad , Sunrisers Hyderabad , 31 runs. 
" Tue, Mar 26 - 7:00 PM ", CSK ," 206/6, (20 ov) ", GT ," 143/8, (20 ov) ", 7th T20,MA Chidambaram Stadium • Chennai , Chennai Super Kings , 63 runs. 
" Mon, Mar 25 - 7:00 PM ", PBKS ," 176/6, (20 ov) ", RCB ," 178/6, (19.2 ov) ", 6th T20,M.Chinnaswamy Stadium • Bengaluru , Royal Challengers Bengaluru , 4 wickets 
" Sun, Mar 24 - 7:00 PM ", GT ," 168/6, (20 ov) ", MI ," 162/9, (20 ov) ", 5th T20,Narendra Modi Stadium • Ahmedabad , Gujarat Titans , 6 runs. 
" Sun, Mar 24 - 3:00 PM ", RR ," 193/4, (20 ov) ", LSG ," 173/6, (20 ov) ", 4th T20,Sawai Mansingh Stadium • Jaipur , Rajasthan Royals , 20 runs. 
" Sat, Mar 23 - 7:00 PM ", KKR ," 208/7, (20 ov) ", SRH ," 204/7, (20 ov) ", 3rd T20,Eden Gardens • Kolkata , Kolkata Knight Riders , 4 runs. 
" Sat, Mar 23 - 3:00 PM ", DC ," 174/9, (20 ov) ", PBKS ," 177/6, (19.2 ov) ", 2nd T20,Maharaja Yadavindra Singh International Cricket Stadium • Chandigarh , Punjab Kings , 4 wickets 
" Fri, Mar 22 - 8:00 PM ", RCB ," 173/6, (20 ov) ", CSK ," 176/4, (18.4 ov) ", 1st T20,MA Chidambaram Stadium • Chennai , Chennai Super Kings , 6 wickets 
